{
    "001": "Kevin De Bruyne",
    "002": "Kevin De Bruyne",
    "003": "Kevin De Bruyne",
    "004": "Kevin De Bruyne",
    "006": "Erling Haaland.",
    "007": "Erling Haaland.",
    "008": "Erling Haaland.",
    "009": "Erling Haaland.",
    "011": "Declan Rice.",
    "012": "Declan Rice.",
    "013": "Declan Rice.",
    "014": "Declan Rice.",
    "016": "Cole Palmer.",
    "017": "Cole Palmer.",
    "018": "Cole Palmer.",
    "019": "Cole Palmer.",
    "021": "Rodri.",
    "022": "Rodri.",
    "023": "Rodri.",
    "024": "Rodri.",
    "026": "Alexander Isak.",
    "027": "Alexander Isak.",
    "028": "Alexander Isak.",
    "029": "Alexander Isak.",
    "031": "Alexis Mac Allister.",
    "032": "Alexis Mac Allister.",
    "033": "Alexis Mac Allister.",
    "034": "Alexis Mac Allister.",
    "036": "Anthony Gordon.",
    "037": "Anthony Gordon.",
    "038": "Anthony Gordon.",
    "039": "Anthony Gordon.",
    "041": "Dominik Szoboszlai.",
    "042": "Dominik Szoboszlai.",
    "043": "Dominik Szoboszlai.",
    "044": "Dominik Szoboszlai.",
    "046": "Florian Wirtz.",
    "047": "Florian Wirtz.",
    "048": "Florian Wirtz.",
    "049": "Florian Wirtz.",
    "051": "Josko Gvardiol.",
    "052": "Josko Gvardiol.",
    "053": "Josko Gvardiol.",
    "054": "Josko Gvardiol.",
    "056": "Matheus Cunha.",
    "057": "Matheus Cunha.",
    "058": "Matheus Cunha.",
    "059": "Matheus Cunha.",
    "061": "Morgan Rogers.",
    "062": "Morgan Rogers.",
    "063": "Morgan Rogers.",
    "064": "Morgan Rogers.",
    "066": "Eberechi Eze.",
    "067": "Eberechi Eze.",
    "068": "Eberechi Eze.",
    "069": "Eberechi Eze.",
    "071": "Martin Ødegaard.",
    "072": "Martin Ødegaard.",
    "073": "Martin Ødegaard.",
    "074": "Martin Ødegaard.",
    "076": "Amadou Onana.",
    "077": "Amadou Onana.",
    "078": "Amadou Onana.",
    "079": "Amadou Onana.",
    "081": "James Maddison.",
    "082": "James Maddison.",
    "083": "James Maddison.",
    "084": "James Maddison.",
    "086": "Dejan Kulusevski.",
    "087": "Dejan Kulusevski.",
    "088": "Dejan Kulusevski.",
    "089": "Dejan Kulusevski.",
    "091": "Morgan Gibbs-White.",
    "092": "Morgan Gibbs-White.",
    "093": "Morgan Gibbs-White.",
    "094": "Morgan Gibbs-White.",
    "096": "Jarrad Branthwaite.",
    "097": "Jarrad Branthwaite.",
    "098": "Jarrad Branthwaite.",
    "099": "Jarrad Branthwaite.",
    "101": "Moisés Caicedo.",
    "102": "Moisés Caicedo.",
    "103": "Moisés Caicedo.",
    "104": "Moisés Caicedo.",
    "106": "Emiliano Martínez.",
    "107": "Emiliano Martínez.",
    "108": "Emiliano Martínez.",
    "109": "Emiliano Martínez.",
    "111": "Ezri Konsa.",
    "112": "Ezri Konsa.",
    "113": "Ezri Konsa.",
    "114": "Ezri Konsa.",
    "116": "Djordje Petrovic.",
    "117": "Djordje Petrovic.",
    "118": "Djordje Petrovic.",
    "119": "Djordje Petrovic.",
    "121": "Lucas Digne.",
    "122": "Lucas Digne.",
    "123": "Lucas Digne.",
    "124": "Lucas Digne.",
    "126": "Pau Torres.",
    "127": "Pau Torres.",
    "128": "Pau Torres.",
    "129": "Pau Torres.",
    "131": "Gabriel Martinelli.",
    "132": "Gabriel Martinelli.",
    "133": "Gabriel Martinelli.",
    "134": "Gabriel Martinelli.",
    "136": "Kai Havertz.",
    "137": "Kai Havertz.",
    "138": "Kai Havertz.",
    "139": "Kai Havertz.",
    "141": "William Saliba.",
    "142": "William Saliba.",
    "143": "William Saliba.",
    "144": "William Saliba.",
    "146": "André Onana.",
    "147": "André Onana.",
    "148": "André Onana.",
    "149": "André Onana.",
    "151": "Bruno Fernandes.",
    "152": "Bruno Fernandes.",
    "153": "Bruno Fernandes.",
    "154": "Bruno Fernandes.",
    "156": "William Saliba.",
    "157": "William Saliba.",
    "158": "William Saliba.",
    "159": "William Saliba.",
    "161": "Mason Mount.",
    "162": "Mason Mount.",
    "163": "Mason Mount.",
    "164": "Mason Mount.",
    "166": "Jamie Gittens.",
    "167": "Jamie Gittens.",
    "168": "Jamie Gittens.",
    "169": "Jamie Gittens.",
    "171": "Marc Cucurella.",
    "172": "Marc Cucurella.",
    "173": "Marc Cucurella.",
    "174": "Marc Cucurella.",
    "176": "Pedro Neto.",
    "177": "Pedro Neto.",
    "178": "Pedro Neto.",
    "179": "Pedro Neto.",
    "181": "Reece James.",
    "182": "Reece James.",
    "183": "Reece James.",
    "184": "Reece James.",
    "186": "Cristian Romero.",
    "187": "Cristian Romero.",
    "188": "Cristian Romero.",
    "189": "Cristian Romero.",
    "191": "Dominic Solanke.",
    "192": "Dominic Solanke.",
    "193": "Dominic Solanke.",
    "194": "Dominic Solanke.",
    "196": "Heung-min Son.",
    "197": "Heung-min Son.",
    "198": "Heung-min Son.",
    "199": "Heung-min Son.",
    "201": "Richarlison.",
    "202": "Richarlison.",
    "203": "Richarlison.",
    "204": "Richarlison.",
    "206": "Jérémy Doku.",
    "207": "Jérémy Doku.",
    "208": "Jérémy Doku.",
    "209": "Jérémy Doku.",
    "211": "Rayan Aït-Nouri.",
    "212": "Rayan Aït-Nouri.",
    "213": "Rayan Aït-Nouri.",
    "214": "Rayan Aït-Nouri.",
    "216": "Rayan Cherki.",
    "217": "Rayan Cherki.",
    "218": "Rayan Cherki.",
    "219": "Rayan Cherki.",
    "221": "Tijjani Reijnders.",
    "222": "Tijjani Reijnders.",
    "223": "Tijjani Reijnders.",
    "224": "Tijjani Reijnders.",
    "226": "Antoine Semenyo.",
    "227": "Antoine Semenyo.",
    "228": "Antoine Semenyo.",
    "229": "Antoine Semenyo.",
    "231": "Dango Ouattara.",
    "232": "Dango Ouattara.",
    "233": "Dango Ouattara.",
    "234": "Dango Ouattara.",
    "236": "Dean Huijsen.",
    "237": "Dean Huijsen.",
    "238": "Dean Huijsen.",
    "239": "Dean Huijsen.",
    "241": "Ilya Zabarnyi.",
    "242": "Ilya Zabarnyi.",
    "243": "Ilya Zabarnyi.",
    "244": "Ilya Zabarnyi.",
    "246": "Adam Wharton.",
    "247": "Adam Wharton.",
    "248": "Adam Wharton.",
    "249": "Adam Wharton.",
    "251": "Eddie Nketiah.",
    "252": "Eddie Nketiah.",
    "253": "Eddie Nketiah.",
    "254": "Eddie Nketiah.",
    "256": "Jean-Philippe Mateta.",
    "257": "Jean-Philippe Mateta.",
    "258": "Jean-Philippe Mateta.",
    "259": "Jean-Philippe Mateta.",
    "261": "Marc Guéhi.",
    "262": "Marc Guéhi.",
    "263": "Marc Guéhi.",
    "264": "Marc Guéhi.",
    "266": "Bart Verbruggen.",
    "267": "Bart Verbruggen.",
    "268": "Bart Verbruggen.",
    "269": "Bart Verbruggen.",
    "271": "Carlos Baleba.",
    "272": "Carlos Baleba.",
    "273": "Carlos Baleba.",
    "274": "Carlos Baleba.",
    "276": "Kaoru Mitoma.",
    "277": "Kaoru Mitoma.",
    "278": "Kaoru Mitoma.",
    "279": "Kaoru Mitoma.",
    "281": "Nathan Collins.",
    "282": "Nathan Collins.",
    "283": "Nathan Collins.",
    "284": "Nathan Collins.",
    "286": "Aaron Wan-Bissaka.",
    "287": "Aaron Wan-Bissaka.",
    "288": "Aaron Wan-Bissaka.",
    "289": "Aaron Wan-Bissaka.",
    "291": "Edson Álvarez.",
    "292": "Edson Álvarez.",
    "293": "Edson Álvarez.",
    "294": "Edson Álvarez.",
    "296": " Jarrod Bowen.",
    "297": " Jarrod Bowen.",
    "298": " Jarrod Bowen.",
    "299": " Jarrod Bowen.",
    "301": "Lucas Paquetá.",
    "302": "Lucas Paquetá.",
    "303": "Lucas Paquetá.",
    "304": "Lucas Paquetá.",
    "306": "Beto.",
    "307": "Beto.",
    "308": "Beto.",
    "309": "Beto.",
    "311": "Iliman Ndiaye.",
    "312": "Iliman Ndiaye.",
    "313": "Iliman Ndiaye.",
    "314": "Iliman Ndiaye.",
    "316": "Vitaliy Mykolenko.",
    "317": "Vitaliy Mykolenko.",
    "318": "Vitaliy Mykolenko.",
    "319": "Vitaliy Mykolenko.",
    "321": "Callum Hudson-Odoi.",
    "322": "Callum Hudson-Odoi.",
    "323": "Callum Hudson-Odoi.",
    "324": "Callum Hudson-Odoi.",
    "326": "Elliot Anderson.",
    "327": "Elliot Anderson.",
    "328": "Elliot Anderson.",
    "329": "Elliot Anderson.",
    "331": "Murillo.",
    "332": "Murillo.",
    "333": "Murillo.",
    "334": "Murillo.",
    "336": "Alex Iwobi.",
    "337": "Alex Iwobi.",
    "338": "Alex Iwobi.",
    "339": "Alex Iwobi.",
    "341": "Antonee Robinson.",
    "342": "Antonee Robinson.",
    "343": "Antonee Robinson.",
    "344": "Antonee Robinson.",
    "346": "Joachim Andersen.",
    "347": "Joachim Andersen.",
    "348": "Joachim Andersen.",
    "349": "Joachim Andersen.",
    "351": "Sander Berge.",
    "352": "Sander Berge.",
    "353": "Sander Berge.",
    "354": "Sander Berge.",
    "356": "Jack Harrison.",
    "357": "Jack Harrison.",
    "358": "Jack Harrison.",
    "359": "Jack Harrison.",
    "361": "Dominic Calvert-Lewin.",
    "362": "Dominic Calvert-Lewin.",
    "363": "Dominic Calvert-Lewin.",
    "364": "Dominic Calvert-Lewin.",
    "366": "Illan Meslier.",
    "367": "Illan Meslier.",
    "368": "Illan Meslier.",
    "369": "Illan Meslier.",
    "371": "Wilfried Gnonto.",
    "372": "Wilfried Gnonto.",
    "373": "Wilfried Gnonto.",
    "374": "Wilfried Gnonto.",
    "376": "Anthony Patterson.",
    "377": "Anthony Patterson.",
    "378": "Anthony Patterson.",
    "379": "Anthony Patterson.",
    "381": "Granit Xhaka.",
    "382": "Granit Xhaka.",
    "383": "Granit Xhaka.",
    "384": "Granit Xhaka.",
    "386": "Nordi Mukiele.",
    "387": "Nordi Mukiele.",
    "388": "Nordi Mukiele.",
    "389": "Nordi Mukiele.",
    "391": "João Gomes.",
    "392": "João Gomes.",
    "393": "João Gomes.",
    "394": "João Gomes.",
    "396": "Jørgen Strand Larsen.",
    "397": "Jørgen Strand Larsen.",
    "398": "Jørgen Strand Larsen.",
    "399": "Jørgen Strand Larsen."
}